{"cameraMode":{"drawMode":0,"name":"Shaded","section":"Shading Mode"},"sceneLighting":false,"audioPlay":false,"sceneViewState":{"showFog":true,"showMaterialUpdate":false,"showSkybox":true,"showFlares":true,"showImageEffects":true,"showParticleSystems":true},"in2DMode":false,"pivot":{"x":-24.082759857177736,"y":-10.570425033569336,"z":5.672723770141602},"rotation":{"x":-0.11768054962158203,"y":-0.07678510248661041,"z":0.00912652350962162,"w":-0.9900364279747009},"size":0.8174931406974793,"orthographic":false}