{"cameraMode":{"drawMode":0,"name":"Shaded","section":"Shading Mode"},"sceneLighting":false,"audioPlay":false,"sceneViewState":{"showFog":true,"showMaterialUpdate":false,"showSkybox":true,"showFlares":true,"showImageEffects":true,"showParticleSystems":true},"in2DMode":false,"pivot":{"x":-14.556480407714844,"y":-8.104765892028809,"z":4.118368148803711},"rotation":{"x":-0.06177029386162758,"y":-0.0009012875379994512,"z":0.000055843574955360964,"w":-0.9980900287628174},"size":2.017490863800049,"orthographic":false}