{"cameraMode":{"drawMode":0,"name":"Shaded","section":"Shading Mode"},"sceneLighting":true,"audioPlay":false,"sceneViewState":{"showFog":true,"showMaterialUpdate":false,"showSkybox":true,"showFlares":true,"showImageEffects":true,"showParticleSystems":true},"in2DMode":false,"pivot":{"x":-0.0013375282287597657,"y":0.11454606056213379,"z":-2.1895833015441896},"rotation":{"x":0.2172476351261139,"y":-0.0076158307492733,"z":0.00170618062838912,"w":0.976085364818573},"size":28.211498260498048,"orthographic":true}