{"cameraMode":{"drawMode":0,"name":"Shaded","section":"Shading Mode"},"sceneLighting":false,"audioPlay":false,"sceneViewState":{"showFog":true,"showMaterialUpdate":false,"showSkybox":true,"showFlares":true,"showImageEffects":true,"showParticleSystems":true},"in2DMode":false,"pivot":{"x":-53.999996185302737,"y":-52.51862335205078,"z":-0.00000762939453125},"rotation":{"x":0.2172476351261139,"y":-0.0076158307492733,"z":0.00170618062838912,"w":0.976085364818573},"size":202.94664001464845,"orthographic":true}