{"cameraMode":{"drawMode":0,"name":"Shaded","section":"Shading Mode"},"sceneLighting":false,"audioPlay":false,"sceneViewState":{"showFog":true,"showMaterialUpdate":false,"showSkybox":true,"showFlares":true,"showImageEffects":true,"showParticleSystems":true},"in2DMode":false,"pivot":{"x":-302.4252624511719,"y":100.46984100341797,"z":-240.88636779785157},"rotation":{"x":0.2172476351261139,"y":-0.0076158307492733,"z":0.00170618062838912,"w":0.976085364818573},"size":28.578840255737306,"orthographic":true}