{"cameraMode":{"drawMode":0,"name":"Shaded","section":"Shading Mode"},"sceneLighting":true,"audioPlay":false,"sceneViewState":{"showFog":true,"showMaterialUpdate":true,"showSkybox":true,"showFlares":true,"showImageEffects":true,"showParticleSystems":true},"in2DMode":false,"pivot":{"x":-5.1043620109558109,"y":4.131740093231201,"z":1.3044188022613526},"rotation":{"x":0.036178190261125568,"y":0.014087547548115254,"z":0.0005097940447740257,"w":-0.9992459416389465},"size":1345.3607177734375,"orthographic":true}