{"cameraMode":{"drawMode":0,"name":"Shaded","section":"Shading Mode"},"sceneLighting":false,"audioPlay":false,"sceneViewState":{"showFog":true,"showMaterialUpdate":true,"showSkybox":true,"showFlares":true,"showImageEffects":true,"showParticleSystems":true},"in2DMode":false,"pivot":{"x":-0.0008916854858398438,"y":0.07636404037475586,"z":-1.459721565246582},"rotation":{"x":-0.016768474131822587,"y":0.40138065814971926,"z":-0.0073498887941241268,"w":-0.9157283306121826},"size":18.807661056518556,"orthographic":false}