{"cameraMode":{"drawMode":0,"name":"Shaded","section":"Shading Mode"},"sceneLighting":false,"audioPlay":false,"sceneViewState":{"showFog":true,"showMaterialUpdate":true,"showSkybox":true,"showFlares":true,"showImageEffects":true,"showParticleSystems":true},"in2DMode":false,"pivot":{"x":0.0,"y":0.3813908100128174,"z":-0.787045955657959},"rotation":{"x":-0.016768474131822587,"y":0.40138065814971926,"z":-0.0073498887941241268,"w":-0.9157283306121826},"size":20.277700424194337,"orthographic":false}