{"cameraMode":{"drawMode":0,"name":"Shaded","section":"Shading Mode"},"sceneLighting":false,"audioPlay":false,"sceneViewState":{"showFog":true,"showMaterialUpdate":true,"showSkybox":true,"showFlares":true,"showImageEffects":true,"showParticleSystems":true},"in2DMode":false,"pivot":{"x":-0.0008916854858398438,"y":0.07636404037475586,"z":-1.459721565246582},"rotation":{"x":0.04226218909025192,"y":0.9190713763237,"z":-0.1027260571718216,"w":0.3781125247478485},"size":18.807661056518556,"orthographic":false}